SourceName,State,TableType,AgencyFull,ListOfYears,MinYear,MaxYear,Label
Chandler,Arizona,ARRESTS,Chandler Police Department,"[2018, 2019, 2020, 2021, 2022, 2023, 2024, 2025]",2018,2025,"Chandler, Arizona, ARRESTS"
Chandler,Arizona,CALLS FOR SERVICE,Chandler Police Department,"[2018, 2019, 2020, 2021, 2022, 2023, 2024, 2025]",2018,2025,"Chandler, Arizona, CALLS FOR SERVICE"
Chandler,Arizona,INCIDENTS,Chandler Police Department,"[2018, 2019, 2020, 2021, 2022, 2023, 2024, 2025]",2018,2025,"Chandler, Arizona, INCIDENTS"
Gilbert,Arizona,CALLS FOR SERVICE,Gilbert Police Department,"[2006, 2007, 2008, 2009, 2010, 2011, 2012, 2013, 2014, 2015, 2016, 2017, 2018, 2019, 2020, 2021, 2022, 2023, 2024, 2025]",2006,2025,"Gilbert, Arizona, CALLS FOR SERVICE"
Mesa,Arizona,CALLS FOR SERVICE,Mesa Police Department,"[2017, 2018, 2019, 2020, 2021, 2022, 2023, 2024, 2025]",2017,2025,"Mesa, Arizona, CALLS FOR SERVICE"
Mesa,Arizona,INCIDENTS,Mesa Police Department,"[2016, 2017, 2018, 2019, 2020, 2021, 2022, 2023, 2024, 2025]",2016,2025,"Mesa, Arizona, INCIDENTS"
Phoenix,Arizona,ARRESTS,Phoenix Police Department,"[2018, 2019, 2020, 2021, 2022, 2023, 2024, 2025]",2018,2025,"Phoenix, Arizona, ARRESTS"
Phoenix,Arizona,CALLS FOR SERVICE,Phoenix Police Department,"[2016, 2017, 2018, 2019, 2020, 2021, 2022, 2023, 2024, 2025]",2016,2025,"Phoenix, Arizona, CALLS FOR SERVICE"
Phoenix,Arizona,EMPLOYEE,Phoenix Police Department,"[2018, 2019, 2020, 2021, 2022, 2023, 2024, 2025]",2018,2025,"Phoenix, Arizona, EMPLOYEE"
Phoenix,Arizona,INCIDENTS,Phoenix Police Department,"[2015, 2016, 2017, 2018, 2019, 2020, 2021, 2022, 2023, 2024, 2025]",2015,2025,"Phoenix, Arizona, INCIDENTS"
Phoenix,Arizona,OFFICER-INVOLVED SHOOTINGS,Phoenix Police Department,"[2017, 2018, 2019, 2020, 2021, 2022, 2023, 2024, 2025]",2017,2025,"Phoenix, Arizona, OFFICER-INVOLVED SHOOTINGS"
Phoenix,Arizona,POINTING WEAPON,Phoenix Police Department,"[2012, 2013, 2014, 2015, 2016, 2017, 2018, 2019, 2020, 2021, 2022, 2023, 2024, 2025]",2012,2025,"Phoenix, Arizona, POINTING WEAPON"
Phoenix,Arizona,TRAFFIC CITATIONS,Phoenix Police Department,"[2018, 2019, 2020, 2021, 2022, 2023, 2024, 2025]",2018,2025,"Phoenix, Arizona, TRAFFIC CITATIONS"
Phoenix,Arizona,USE OF FORCE,Phoenix Police Department,"[2017, 2018, 2019, 2020, 2021, 2022, 2023, 2024, 2025]",2017,2025,"Phoenix, Arizona, USE OF FORCE"
Tucson,Arizona,ARRESTS,Tucson Police Department,"[2009, 2010, 2011, 2012, 2013, 2014, 2015, 2016, 2017, 2018, 2019, 2020, 2021, 2022, 2023, 2024, 2025]",2009,2025,"Tucson, Arizona, ARRESTS"
Tucson,Arizona,CALLS FOR SERVICE,Tucson Police Department,"[2012, 2013, 2014, 2015, 2016, 2017, 2018, 2019, 2020, 2021, 2022]",2012,2022,"Tucson, Arizona, CALLS FOR SERVICE"
Tucson,Arizona,CRASHES,Tucson Police Department,"[2011, 2012, 2013, 2014, 2015, 2016, 2017, 2018, 2019, 2020, 2021, 2022, 2023, 2024]",2011,2024,"Tucson, Arizona, CRASHES"
Tucson,Arizona,INCIDENTS,Tucson Police Department,"[2009, 2010, 2011, 2012, 2013, 2014, 2015, 2016, 2017, 2018, 2019, 2020, 2021, 2022, 2023, 2024, 2025]",2009,2025,"Tucson, Arizona, INCIDENTS"
Tucson,Arizona,OFFICER-INVOLVED SHOOTINGS,Tucson Police Department,"[2010, 2011, 2012, 2013, 2014, 2015, 2016, 2017, 2018]",2010,2018,"Tucson, Arizona, OFFICER-INVOLVED SHOOTINGS"
Tucson,Arizona,TRAFFIC CITATIONS,Tucson Police Department,"[2017, 2018, 2019, 2020, 2021, 2022, 2023, 2024, 2025]",2017,2025,"Tucson, Arizona, TRAFFIC CITATIONS"
Little Rock,Arkansas,CALLS FOR SERVICE,Little Rock Police Department,"[2020, 2021, 2022, 2023, 2024, 2025]",2020,2025,"Little Rock, Arkansas, CALLS FOR SERVICE"
Long Beach,California,INCIDENTS,Long Beach Police Department,"[2023, 2024, 2025]",2023,2025,"Long Beach, California, INCIDENTS"
Los Angeles,California,ARRESTS,Los Angeles Police Department,"[2010, 2011, 2012, 2013, 2014, 2015, 2016, 2017, 2018, 2019, 2020, 2021, 2022, 2023, 2024, 2025]",2010,2025,"Los Angeles, California, ARRESTS"
Los Angeles,California,CALLS FOR SERVICE,Los Angeles Police Department,"[2010, 2011, 2012, 2013, 2014, 2015, 2016, 2017, 2018, 2019, 2020, 2021, 2022, 2023, 2024, 2025]",2010,2025,"Los Angeles, California, CALLS FOR SERVICE"
Los Angeles,California,CRASHES,Los Angeles Police Department,"[2010, 2011, 2012, 2013, 2014, 2015, 2016, 2017, 2018, 2019, 2020, 2021, 2022, 2023, 2024, 2025]",2010,2025,"Los Angeles, California, CRASHES"
Los Angeles,California,INCIDENTS,Los Angeles Police Department,"[2010, 2011, 2012, 2013, 2014, 2015, 2016, 2017, 2018, 2019, 2020, 2021, 2022, 2023, 2024, 2025]",2010,2025,"Los Angeles, California, INCIDENTS"
Los Angeles County,California,OFFICER-INVOLVED SHOOTINGS,Los Angeles County Sheriff's Department,"[2010, 2011, 2012, 2013, 2014, 2015, 2016, 2017, 2018, 2019, 2020, 2021, 2022, 2023, 2024]",2010,2024,"Los Angeles County, California, OFFICER-INVOLVED SHOOTINGS"
Marin County,California,INCIDENTS,Marin County Sheriff's Department,"[2013, 2014, 2015, 2016, 2017, 2018, 2019, 2020, 2021, 2022, 2023, 2024, 2025]",2013,2025,"Marin County, California, INCIDENTS"
Menlo Park,California,CALLS FOR SERVICE,Menlo Park Police Department,"[2018, 2019, 2020, 2021, 2022, 2023]",2018,2023,"Menlo Park, California, CALLS FOR SERVICE"
Menlo Park,California,CITATIONS,Menlo Park Police Department,"[2016, 2017, 2018, 2019, 2020, 2021, 2022, 2023, 2024, 2025]",2016,2025,"Menlo Park, California, CITATIONS"
Menlo Park,California,CRASHES,Menlo Park Police Department,"[2015, 2016, 2017, 2018, 2019, 2020, 2021, 2022, 2023, 2024, 2025]",2015,2025,"Menlo Park, California, CRASHES"
Menlo Park,California,EMPLOYEE,Menlo Park Police Department,[2019],2019,2019,"Menlo Park, California, EMPLOYEE"
Oakland,California,USE OF FORCE,Oakland Police Department,"[2012, 2013, 2014, 2015, 2016, 2017, 2018, 2019, 2020, 2021, 2022, 2023, 2024]",2012,2024,"Oakland, California, USE OF FORCE"
Richmond,California,ARRESTS,Richmond Police Department,"[2004, 2005, 2006, 2007, 2008, 2009, 2010, 2011, 2012, 2013, 2014, 2015, 2016, 2017, 2018, 2019, 2020, 2021, 2022, 2023, 2024, 2025]",2004,2025,"Richmond, California, ARRESTS"
Richmond,California,CALLS FOR SERVICE,Richmond Police Department,"[2018, 2019, 2020, 2021, 2022, 2023, 2024, 2025]",2018,2025,"Richmond, California, CALLS FOR SERVICE"
Richmond,California,CITATIONS,Richmond Police Department,"[1990, 1991, 1992, 1993, 1994, 1995, 1996, 1997, 1998, 1999, 2000, 2001, 2002, 2003, 2004, 2005, 2006, 2007, 2008, 2009, 2010, 2011, 2012, 2013, 2014, 2015, 2016, 2017, 2018, 2019, 2020, 2021, 2022, 2023, 2024]",1990,2024,"Richmond, California, CITATIONS"
Richmond,California,COMPLAINTS,Richmond Police Department,"[2009, 2010, 2011, 2012, 2013, 2014, 2015, 2016, 2017, 2018, 2019, 2020, 2021, 2022]",2009,2022,"Richmond, California, COMPLAINTS"
Richmond,California,CRASHES,Richmond Police Department,"[2016, 2017, 2018, 2019, 2020, 2021, 2022, 2023, 2024, 2025]",2016,2025,"Richmond, California, CRASHES"
Richmond,California,INCIDENTS,Richmond Police Department,"[2015, 2016, 2017, 2018, 2019, 2020, 2021, 2022, 2023, 2024, 2025]",2015,2025,"Richmond, California, INCIDENTS"
Richmond,California,OFFICER-INVOLVED SHOOTINGS,Richmond Police Department,"[2015, 2016, 2017, 2018, 2019, 2020, 2021]",2015,2021,"Richmond, California, OFFICER-INVOLVED SHOOTINGS"
Richmond,California,USE OF FORCE,Richmond Police Department,"[2015, 2016, 2017, 2018, 2019, 2020, 2021, 2022]",2015,2022,"Richmond, California, USE OF FORCE"
Richmond,California,VEHICLE PURSUITS,Richmond Police Department,"[2015, 2016, 2017, 2018, 2019, 2020, 2021, 2022]",2015,2022,"Richmond, California, VEHICLE PURSUITS"
Riverside,California,INCIDENTS,Riverside Police Department,"[2021, 2022, 2023, 2024, 2025]",2021,2025,"Riverside, California, INCIDENTS"
Sacramento,California,CALLS FOR SERVICE,Sacramento Police Department,"[2019, 2020, 2021, 2022, 2023, 2024, 2025]",2019,2025,"Sacramento, California, CALLS FOR SERVICE"
Sacramento,California,CITATIONS,Sacramento Police Department,"[2019, 2020, 2021, 2022, 2023, 2024, 2025]",2019,2025,"Sacramento, California, CITATIONS"
Sacramento,California,INCIDENTS,Sacramento Police Department,"[2019, 2020, 2021, 2022, 2023, 2024, 2025]",2019,2025,"Sacramento, California, INCIDENTS"
San Diego,California,CALLS FOR SERVICE,San Diego Police Department,"[2015, 2016, 2017, 2018, 2019, 2020, 2021, 2022, 2023, 2024, 2025]",2015,2025,"San Diego, California, CALLS FOR SERVICE"
San Diego,California,COMPLAINTS,San Diego Police Department,"[2019, 2020, 2021, 2022, 2023, 2024]",2019,2024,"San Diego, California, COMPLAINTS"
San Diego,California,CRASHES,San Diego Police Department,"[2015, 2016, 2017, 2018, 2019, 2020, 2021, 2022, 2023, 2024, 2025]",2015,2025,"San Diego, California, CRASHES"
San Diego,California,INCIDENTS,San Diego Police Department,"[2023, 2024, 2025]",2023,2025,"San Diego, California, INCIDENTS"
San Francisco,California,CALLS FOR SERVICE,San Francisco Police Department,"[2014, 2015, 2016, 2017, 2018, 2019, 2020, 2021, 2022, 2023, 2024, 2025]",2014,2025,"San Francisco, California, CALLS FOR SERVICE"
San Jose,California,CALLS FOR SERVICE,San Jose Police Department,"[2014, 2015, 2016, 2017, 2018, 2019, 2020, 2021, 2022, 2023, 2024, 2025]",2014,2025,"San Jose, California, CALLS FOR SERVICE"
San Jose,California,CRASHES,San Jose Police Department,"[1990, 1991, 1992, 1993, 1994, 1995, 1996, 1997, 1998, 1999, 2000, 2001, 2002, 2003, 2004, 2005, 2006, 2007, 2008, 2009, 2010, 2011, 2012, 2013, 2014, 2015, 2016, 2017, 2018, 2019, 2020, 2021, 2022, 2023, 2024, 2025]",1990,2025,"San Jose, California, CRASHES"
Santa Monica,California,CALLS FOR SERVICE,Santa Monica Police Department,"[2006, 2007, 2008, 2009, 2010, 2011, 2012, 2013, 2014, 2015, 2016, 2017, 2018, 2019, 2020, 2021, 2022, 2023]",2006,2023,"Santa Monica, California, CALLS FOR SERVICE"
Santa Monica,California,INCIDENTS,Santa Monica Police Department,"[2006, 2007, 2008, 2009, 2010, 2011, 2012, 2013, 2014, 2015, 2016, 2017, 2018, 2019, 2020, 2021, 2022, 2023, 2024]",2006,2024,"Santa Monica, California, INCIDENTS"
Sonoma County,California,INCIDENTS,Sonoma County Sheriff's Office,"[1990, 1991, 1992, 1993, 1994, 1995, 1996, 1997, 1998, 1999, 2000, 2001, 2002, 2003, 2004, 2005, 2006, 2007, 2008, 2009, 2010, 2011, 2012, 2013, 2014, 2015, 2016, 2017, 2018, 2019, 2020, 2021, 2022, 2023, 2024, 2025]",1990,2025,"Sonoma County, California, INCIDENTS"
Stockton,California,CALLS FOR SERVICE,Stockton Police Department,"[2019, 2020, 2021, 2022, 2023, 2024, 2025]",2019,2025,"Stockton, California, CALLS FOR SERVICE"
Boulder,Colorado,ARRESTS,Boulder Police Department,"[2020, 2021, 2022, 2023]",2020,2023,"Boulder, Colorado, ARRESTS"
Boulder,Colorado,CRASHES,Boulder Police Department,"[2017, 2018, 2019, 2020, 2021, 2022, 2023]",2017,2023,"Boulder, Colorado, CRASHES"
Boulder,Colorado,INCIDENTS,Boulder Police Department,"[2020, 2021, 2022, 2023, 2024, 2025]",2020,2025,"Boulder, Colorado, INCIDENTS"
Colorado Springs,Colorado,ARRESTS,Colorado Springs Police Department,"[2016, 2017, 2018, 2019, 2020, 2021, 2022, 2023, 2024, 2025]",2016,2025,"Colorado Springs, Colorado, ARRESTS"
Colorado Springs,Colorado,CITATIONS,Colorado Springs Police Department,"[2015, 2016, 2017, 2018, 2019, 2020, 2021, 2022, 2023, 2024, 2025]",2015,2025,"Colorado Springs, Colorado, CITATIONS"
Colorado Springs,Colorado,CRASHES,Colorado Springs Police Department,"[2016, 2017, 2018, 2019, 2020, 2021, 2022, 2023, 2024, 2025]",2016,2025,"Colorado Springs, Colorado, CRASHES"
Colorado Springs,Colorado,INCIDENTS,Colorado Springs Police Department,"[1990, 1991, 1992, 1993, 1994, 1995, 1996, 1997, 1998, 1999, 2000, 2001, 2002, 2003, 2004, 2005, 2006, 2007, 2008, 2009, 2010, 2011, 2012, 2013, 2014, 2015, 2016, 2017, 2018, 2019, 2020, 2021, 2022, 2023, 2024, 2025]",1990,2025,"Colorado Springs, Colorado, INCIDENTS"
Colorado Springs,Colorado,OFFICER-INVOLVED SHOOTINGS,Colorado Springs Police Department,"[2010, 2011, 2012, 2013, 2014, 2015, 2016, 2017, 2018, 2019, 2020, 2021, 2022, 2023, 2024, 2025]",2010,2025,"Colorado Springs, Colorado, OFFICER-INVOLVED SHOOTINGS"
Colorado Springs,Colorado,USE OF FORCE,Colorado Springs Police Department,"[2017, 2018, 2019, 2020, 2021, 2022, 2023, 2024, 2025]",2017,2025,"Colorado Springs, Colorado, USE OF FORCE"
Denver,Colorado,CRASHES,Denver Police Department,"[2013, 2014, 2015, 2016, 2017, 2018, 2019, 2020, 2021, 2022, 2023, 2024, 2025]",2013,2025,"Denver, Colorado, CRASHES"
Denver,Colorado,OFFICER-INVOLVED SHOOTINGS,Denver Police Department,"[2015, 2016, 2017, 2018, 2019, 2020, 2021, 2022]",2015,2022,"Denver, Colorado, OFFICER-INVOLVED SHOOTINGS"
Denver,Colorado,OFFICER_INVOLVED SHOOTINGS,Denver Police Department,"[2015, 2016, 2017, 2018, 2019, 2020, 2021, 2022]",2015,2022,"Denver, Colorado, OFFICER_INVOLVED SHOOTINGS"
Denver,Colorado,STOPS,Denver Police Department,"[2010, 2011, 2012, 2013, 2014, 2015, 2016, 2017, 2018, 2019, 2020, 2021, 2022, 2023, 2024]",2010,2024,"Denver, Colorado, STOPS"
Delaware,Delaware,CRASHES,Delaware Department of Safety and Homeland Security,"[2009, 2010, 2011, 2012, 2013, 2014, 2015, 2016, 2017, 2018, 2019, 2020, 2021, 2022, 2023, 2024]",2009,2024,"Delaware, Delaware, CRASHES"
Washington D.C.,District of Columbia,ARRESTS,Washington Metropolitan Police Department,"[2013, 2014, 2015, 2016, 2017, 2018, 2019, 2020, 2021, 2022, 2023, 2024]",2013,2024,"Washington D.C., District of Columbia, ARRESTS"
Washington D.C.,District of Columbia,CRASHES,Washington Metropolitan Police Department,"[1990, 1991, 1992, 1993, 1994, 1995, 1996, 1997, 1998, 1999, 2000, 2001, 2002, 2003, 2004, 2005, 2006, 2007, 2008, 2009, 2010, 2011, 2012, 2013, 2014, 2015, 2016, 2017, 2018, 2019, 2020, 2021, 2022, 2023, 2024, 2025]",1990,2025,"Washington D.C., District of Columbia, CRASHES"
Washington D.C.,District of Columbia,INCIDENTS,Washington Metropolitan Police Department,"[2008, 2009, 2010, 2011, 2012, 2013, 2014, 2015, 2016, 2017, 2018, 2019, 2020, 2021, 2022, 2023, 2024]",2008,2024,"Washington D.C., District of Columbia, INCIDENTS"
Washington D.C.,District of Columbia,LAWSUITS,Washington Metropolitan Police Department,"[2021, 2022, 2023, 2024]",2021,2024,"Washington D.C., District of Columbia, LAWSUITS"
Washington D.C.,District of Columbia,STOPS,Washington Metropolitan Police Department,"[2010, 2011, 2012, 2013, 2014, 2015, 2016, 2017, 2018, 2019, 2020, 2021, 2022, 2023, 2024]",2010,2024,"Washington D.C., District of Columbia, STOPS"
Washington D.C.,District of Columbia,USE OF FORCE,Washington Metropolitan Police Department,"[2020, 2021, 2022, 2023]",2020,2023,"Washington D.C., District of Columbia, USE OF FORCE"
Jacksonville,Florida,OFFICER-INVOLVED SHOOTINGS,Jacksonville Sheriff's Office,"[2015, 2016, 2017, 2018, 2019, 2020, 2021, 2022, 2023, 2024, 2025]",2015,2025,"Jacksonville, Florida, OFFICER-INVOLVED SHOOTINGS"
Orlando,Florida,OFFICER-INVOLVED SHOOTINGS,Orlando Police Department,"[2009, 2010, 2011, 2012, 2013, 2014, 2015, 2016, 2017, 2018, 2019, 2020, 2021, 2022, 2023, 2024, 2025]",2009,2025,"Orlando, Florida, OFFICER-INVOLVED SHOOTINGS"
Saint Petersburg,Florida,CALLS FOR SERVICE,Saint Petersburg Police Department,"[2013, 2014, 2015, 2016, 2017, 2018, 2019, 2020, 2021, 2022, 2023, 2024, 2025]",2013,2025,"Saint Petersburg, Florida, CALLS FOR SERVICE"
Johns Creek,Georgia,CALLS FOR SERVICE,Johns Creek Police Department,"[2009, 2010, 2011, 2012, 2013, 2014, 2015, 2016, 2017, 2018, 2019, 2020, 2021, 2022, 2023, 2024, 2025]",2009,2025,"Johns Creek, Georgia, CALLS FOR SERVICE"
Johns Creek,Georgia,CITATIONS,Johns Creek Police Department,"[2010, 2011, 2012, 2013, 2014, 2015, 2016, 2017, 2018, 2019, 2020, 2021, 2022, 2023, 2024, 2025]",2010,2025,"Johns Creek, Georgia, CITATIONS"
Johns Creek,Georgia,CRASHES,Johns Creek Police Department,"[2010, 2011, 2012, 2013, 2014, 2015, 2016, 2017, 2018, 2019, 2020, 2021, 2022, 2023, 2024, 2025]",2010,2025,"Johns Creek, Georgia, CRASHES"
Johns Creek,Georgia,INCIDENTS,Johns Creek Police Department,"[2008, 2009, 2010, 2011, 2012, 2013, 2014, 2015, 2016, 2017, 2018, 2019, 2020, 2021, 2022, 2023, 2024, 2025]",2008,2025,"Johns Creek, Georgia, INCIDENTS"
Boise,Idaho,CALLS FOR SERVICE,Boise Police Department,"[2017, 2018, 2019, 2020, 2021, 2022, 2023, 2024, 2025]",2017,2025,"Boise, Idaho, CALLS FOR SERVICE"
Chicago,Illinois,ARRESTS,Chicago Police Department,"[2014, 2015, 2016, 2017, 2018, 2019, 2020, 2021, 2022, 2023, 2024, 2025]",2014,2025,"Chicago, Illinois, ARRESTS"
Chicago,Illinois,COMPLAINTS,Chicago Police Department,"[2000, 2001, 2002, 2003, 2004, 2005, 2006, 2007, 2008, 2009, 2010, 2011, 2012, 2013, 2014, 2015, 2016, 2017, 2018, 2019, 2020, 2021, 2022, 2023, 2024, 2025]",2000,2025,"Chicago, Illinois, COMPLAINTS"
Chicago,Illinois,INCIDENTS,Chicago Police Department,"[2001, 2002, 2003, 2004, 2005, 2006, 2007, 2008, 2009, 2010, 2011, 2012, 2013, 2014, 2015, 2016, 2017, 2018, 2019, 2020, 2021, 2022, 2023, 2024, 2025]",2001,2025,"Chicago, Illinois, INCIDENTS"
Chicago,Illinois,STOPS,Chicago Police Department,"[2016, 2017, 2018, 2019, 2020, 2021, 2022, 2023, 2024]",2016,2024,"Chicago, Illinois, STOPS"
Evanston,Illinois,ARRESTS,Evanston Police Department,"[2016, 2017, 2018, 2019, 2020, 2021]",2016,2021,"Evanston, Illinois, ARRESTS"
Evanston,Illinois,CALLS FOR SERVICE,Evanston Police Department,"[2016, 2017, 2018, 2019, 2020, 2021]",2016,2021,"Evanston, Illinois, CALLS FOR SERVICE"
Evanston,Illinois,CITATIONS,Evanston Police Department,"[2016, 2017, 2018, 2019, 2020, 2021]",2016,2021,"Evanston, Illinois, CITATIONS"
Evanston,Illinois,CRASHES,Evanston Police Department,"[2016, 2017, 2018, 2019, 2020, 2021]",2016,2021,"Evanston, Illinois, CRASHES"
Evanston,Illinois,FIELD CONTACTS,Evanston Police Department,"[2016, 2017, 2018, 2019, 2020, 2021]",2016,2021,"Evanston, Illinois, FIELD CONTACTS"
Evanston,Illinois,INCIDENTS,Evanston Police Department,"[2016, 2017, 2018, 2019, 2020, 2021, 2022, 2023, 2024, 2025]",2016,2025,"Evanston, Illinois, INCIDENTS"
Evanston,Illinois,STOPS,Evanston Police Department,"[2016, 2017, 2018, 2019, 2020, 2021, 2022, 2023, 2024, 2025]",2016,2025,"Evanston, Illinois, STOPS"
Evanston,Illinois,USE OF FORCE,Evanston Police Department,"[2018, 2019, 2020, 2021, 2022, 2023]",2018,2023,"Evanston, Illinois, USE OF FORCE"
Bloomington,Indiana,CALLS FOR SERVICE,Bloomington Police Department,"[2016, 2017, 2018, 2019, 2020, 2021, 2022, 2023, 2024, 2025]",2016,2025,"Bloomington, Indiana, CALLS FOR SERVICE"
Bloomington,Indiana,CITATIONS,Bloomington Police Department,"[2016, 2017, 2018, 2019, 2020]",2016,2020,"Bloomington, Indiana, CITATIONS"
Bloomington,Indiana,COMPLAINTS,Bloomington Police Department,"[2016, 2017, 2018, 2019, 2020, 2021]",2016,2021,"Bloomington, Indiana, COMPLAINTS"
Bloomington,Indiana,CRASHES,Bloomington Police Department,"[2016, 2017, 2018, 2019, 2020, 2021, 2022, 2023, 2024, 2025]",2016,2025,"Bloomington, Indiana, CRASHES"
Bloomington,Indiana,EMPLOYEE,Bloomington Police Department,"[2016, 2017, 2018, 2019, 2020]",2016,2020,"Bloomington, Indiana, EMPLOYEE"
Bloomington,Indiana,USE OF FORCE,Bloomington Police Department,"[2016, 2017, 2018, 2019, 2020, 2021, 2022, 2023, 2024, 2025]",2016,2025,"Bloomington, Indiana, USE OF FORCE"
Bloomington,Indiana,VEHICLE PURSUITS,Bloomington Police Department,"[2020, 2021, 2022, 2023, 2024]",2020,2024,"Bloomington, Indiana, VEHICLE PURSUITS"
Cedar Lake,Indiana,ARRESTS,Cedar Lake Police Department,"[2014, 2015, 2016, 2017, 2018, 2019, 2020, 2021, 2022, 2023, 2024, 2025]",2014,2025,"Cedar Lake, Indiana, ARRESTS"
Cedar Lake,Indiana,CALLS FOR SERVICE,Cedar Lake Police Department,"[2014, 2015, 2016, 2017, 2018, 2019, 2020, 2021, 2022, 2023, 2024, 2025]",2014,2025,"Cedar Lake, Indiana, CALLS FOR SERVICE"
Cedar Lake,Indiana,CRASHES,Cedar Lake Police Department,"[2014, 2015, 2016, 2017, 2018, 2019, 2020, 2021, 2022, 2023, 2024, 2025]",2014,2025,"Cedar Lake, Indiana, CRASHES"
Cedar Lake,Indiana,STOPS,Cedar Lake Police Department,"[2014, 2015, 2016, 2017, 2018, 2019, 2020, 2021, 2022, 2023, 2024, 2025]",2014,2025,"Cedar Lake, Indiana, STOPS"
Cedar Lake,Indiana,TRAFFIC CITATIONS,Cedar Lake Police Department,"[2014, 2015, 2016, 2017, 2018, 2019, 2020, 2021, 2022, 2023, 2024, 2025]",2014,2025,"Cedar Lake, Indiana, TRAFFIC CITATIONS"
Cedar Lake,Indiana,TRAFFIC WARNINGS,Cedar Lake Police Department,"[2014, 2015, 2016, 2017, 2018, 2019, 2020, 2021, 2022, 2023, 2024, 2025]",2014,2025,"Cedar Lake, Indiana, TRAFFIC WARNINGS"
Griffith,Indiana,ARRESTS,Griffith Police Department,"[2014, 2015, 2016, 2017, 2018, 2019, 2020, 2021, 2022, 2023, 2024, 2025]",2014,2025,"Griffith, Indiana, ARRESTS"
Griffith,Indiana,CALLS FOR SERVICE,Griffith Police Department,"[2014, 2015, 2016, 2017, 2018, 2019, 2020, 2021, 2022, 2023, 2024, 2025]",2014,2025,"Griffith, Indiana, CALLS FOR SERVICE"
Griffith,Indiana,CRASHES,Griffith Police Department,"[2014, 2015, 2016, 2017, 2018, 2019, 2020, 2021, 2022, 2023, 2024, 2025]",2014,2025,"Griffith, Indiana, CRASHES"
Griffith,Indiana,STOPS,Griffith Police Department,"[2014, 2015, 2016, 2017, 2018, 2019, 2020, 2021, 2022, 2023, 2024, 2025]",2014,2025,"Griffith, Indiana, STOPS"
Griffith,Indiana,TRAFFIC CITATIONS,Griffith Police Department,"[2014, 2015, 2016, 2017, 2018, 2019, 2020, 2021, 2022, 2023, 2024, 2025]",2014,2025,"Griffith, Indiana, TRAFFIC CITATIONS"
Griffith,Indiana,TRAFFIC WARNINGS,Griffith Police Department,"[2014, 2015, 2016, 2017, 2018, 2019, 2020, 2021, 2022, 2023, 2024, 2025]",2014,2025,"Griffith, Indiana, TRAFFIC WARNINGS"
Indianapolis,Indiana,COMPLAINTS,Indianapolis Metropolitan Police Department,"[2012, 2013, 2014, 2015, 2016, 2017, 2018, 2019, 2020, 2021, 2022, 2023, 2024, 2025]",2012,2025,"Indianapolis, Indiana, COMPLAINTS"
Indianapolis,Indiana,OFFICER-INVOLVED SHOOTINGS,Indianapolis Metropolitan Police Department,"[2014, 2015, 2016, 2017, 2018, 2019, 2020, 2021, 2022, 2023, 2024, 2025]",2014,2025,"Indianapolis, Indiana, OFFICER-INVOLVED SHOOTINGS"
Indianapolis,Indiana,USE OF FORCE,Indianapolis Metropolitan Police Department,"[2014, 2015, 2016, 2017, 2018, 2019, 2020, 2021, 2022, 2023, 2024, 2025]",2014,2025,"Indianapolis, Indiana, USE OF FORCE"
South Bend,Indiana,COMPLAINTS,South Bend Police Department,"[2016, 2017, 2018, 2019, 2020, 2021, 2022, 2023, 2024, 2025]",2016,2025,"South Bend, Indiana, COMPLAINTS"
South Bend,Indiana,USE OF FORCE,South Bend Police Department,"[2017, 2018, 2019, 2020, 2021, 2022, 2023, 2024, 2025]",2017,2025,"South Bend, Indiana, USE OF FORCE"
St. John,Indiana,ARRESTS,St. John Police Department,"[2014, 2015, 2016, 2017, 2018, 2019, 2020, 2021, 2022, 2023, 2024, 2025]",2014,2025,"St. John, Indiana, ARRESTS"
St. John,Indiana,CALLS FOR SERVICE,St. John Police Department,"[2014, 2015, 2016, 2017, 2018, 2019, 2020, 2021, 2022, 2023, 2024, 2025]",2014,2025,"St. John, Indiana, CALLS FOR SERVICE"
St. John,Indiana,CRASHES,St. John Police Department,"[2014, 2015, 2016, 2017, 2018, 2019, 2020, 2021, 2022, 2023, 2024, 2025]",2014,2025,"St. John, Indiana, CRASHES"
St. John,Indiana,STOPS,St. John Police Department,"[2014, 2015, 2016, 2017, 2018, 2019, 2020, 2021, 2022, 2023, 2024, 2025]",2014,2025,"St. John, Indiana, STOPS"
St. John,Indiana,TRAFFIC CITATIONS,St. John Police Department,"[2014, 2015, 2016, 2017, 2018, 2019, 2020, 2021, 2022, 2023, 2024, 2025]",2014,2025,"St. John, Indiana, TRAFFIC CITATIONS"
St. John,Indiana,TRAFFIC WARNINGS,St. John Police Department,"[2014, 2015, 2016, 2017, 2018, 2019, 2020, 2021, 2022, 2023, 2024, 2025]",2014,2025,"St. John, Indiana, TRAFFIC WARNINGS"
Wichita,Kansas,CRASHES,Wichita Police Department,"[2018, 2019, 2020, 2021, 2022, 2023, 2024, 2025]",2018,2025,"Wichita, Kansas, CRASHES"
Louisville,Kentucky,CITATIONS,Louisville Metro Police Department,"[2012, 2013, 2014, 2015, 2016, 2017, 2018, 2019, 2020, 2021, 2022, 2023]",2012,2023,"Louisville, Kentucky, CITATIONS"
Louisville,Kentucky,INCIDENTS,Louisville Metro Police Department,"[2003, 2004, 2005, 2006, 2007, 2008, 2009, 2010, 2011, 2012, 2013, 2014, 2015, 2016, 2017, 2018, 2019, 2020, 2021, 2022, 2023, 2024, 2025]",2003,2025,"Louisville, Kentucky, INCIDENTS"
Louisville,Kentucky,OFFICER-INVOLVED SHOOTINGS,Louisville Metro Police Department,"[2011, 2012, 2013, 2014, 2015, 2016, 2017, 2018, 2019, 2020, 2021]",2011,2021,"Louisville, Kentucky, OFFICER-INVOLVED SHOOTINGS"
Louisville,Kentucky,STOPS,Louisville Metro Police Department,"[2009, 2010, 2011, 2012, 2013, 2014, 2015, 2016, 2017, 2018, 2019, 2020, 2021, 2022, 2023, 2024, 2025]",2009,2025,"Louisville, Kentucky, STOPS"
New Orleans,Louisiana,CALLS FOR SERVICE,New Orleans Police Department,"[2011, 2012, 2013, 2014, 2015, 2016, 2017, 2018, 2019, 2020, 2021, 2022, 2023, 2024, 2025]",2011,2025,"New Orleans, Louisiana, CALLS FOR SERVICE"
New Orleans,Louisiana,COMPLAINTS,New Orleans Police Department,"[1997, 1998, 1999, 2000, 2001, 2002, 2003, 2004, 2005, 2006, 2007, 2008, 2009, 2010, 2011, 2012, 2013, 2014, 2015, 2016, 2017, 2018, 2019, 2020, 2021, 2022, 2023, 2024, 2025]",1997,2025,"New Orleans, Louisiana, COMPLAINTS"
New Orleans,Louisiana,INCIDENTS,New Orleans Police Department,"[2010, 2011, 2012, 2013, 2014, 2015, 2016, 2017, 2018, 2019, 2020, 2021, 2022, 2023, 2024, 2025]",2010,2025,"New Orleans, Louisiana, INCIDENTS"
New Orleans,Louisiana,STOPS,New Orleans Police Department,"[1991, 1992, 1993, 1994, 1995, 1996, 1997, 1998, 1999, 2000, 2001, 2002, 2003, 2004, 2005, 2006, 2007, 2008, 2009, 2010, 2011, 2012, 2013, 2014, 2015, 2016, 2017, 2018, 2019, 2020, 2021, 2022, 2023, 2024, 2025]",1991,2025,"New Orleans, Louisiana, STOPS"
New Orleans,Louisiana,USE OF FORCE,New Orleans Police Department,"[2016, 2017, 2018, 2019, 2020, 2021, 2022, 2023, 2024, 2025]",2016,2025,"New Orleans, Louisiana, USE OF FORCE"
Baltimore,Maryland,ARRESTS,Baltimore Police Department,"[2010, 2011, 2012, 2013, 2014, 2015, 2016, 2017, 2018, 2019, 2020, 2021, 2022, 2023, 2024, 2025]",2010,2025,"Baltimore, Maryland, ARRESTS"
Baltimore,Maryland,CALLS FOR SERVICE,Baltimore Police Department,"[2013, 2014, 2015, 2016, 2017, 2018, 2019, 2020, 2021, 2022, 2023, 2024]",2013,2024,"Baltimore, Maryland, CALLS FOR SERVICE"
Montgomery County,Maryland,COMPLAINTS,Montgomery County Police Department,"[2013, 2014, 2015, 2016, 2017, 2018, 2019, 2020, 2021, 2022, 2023, 2024, 2025]",2013,2025,"Montgomery County, Maryland, COMPLAINTS"
Montgomery County,Maryland,CRASHES,Montgomery County Police Department,"[2015, 2016, 2017, 2018, 2019, 2020, 2021, 2022, 2023, 2024, 2025]",2015,2025,"Montgomery County, Maryland, CRASHES"
Montgomery County,Maryland,INCIDENTS,Montgomery County Police Department,"[2017, 2018, 2019, 2020, 2021, 2022, 2023, 2024, 2025]",2017,2025,"Montgomery County, Maryland, INCIDENTS"
Montgomery County,Maryland,STOPS,Montgomery County Police Department,"[2012, 2013, 2014, 2015, 2016, 2017, 2018, 2019, 2020, 2021, 2022, 2023, 2024, 2025]",2012,2025,"Montgomery County, Maryland, STOPS"
Boston,Massachusetts,DEATHS IN CUSTODY,Boston Police Department,"[2016, 2017, 2018, 2019, 2020]",2016,2020,"Boston, Massachusetts, DEATHS IN CUSTODY"
Boston,Massachusetts,INCIDENTS,Boston Police Department,"[2012, 2013, 2014, 2015, 2016, 2017, 2018, 2019, 2020, 2021, 2022, 2023, 2024, 2025]",2012,2025,"Boston, Massachusetts, INCIDENTS"
Cambridge,Massachusetts,CALLS FOR SERVICE,Cambridge Police Department,"[2015, 2016, 2017, 2018, 2019, 2020, 2021, 2022, 2023, 2024, 2025]",2015,2025,"Cambridge, Massachusetts, CALLS FOR SERVICE"
Cambridge,Massachusetts,CITATIONS,Cambridge Police Department,"[2010, 2011, 2012, 2013, 2014, 2015, 2016, 2017, 2018, 2019, 2020, 2021, 2022, 2023, 2024, 2025]",2010,2025,"Cambridge, Massachusetts, CITATIONS"
Cambridge,Massachusetts,CRASHES,Cambridge Police Department,"[2015, 2016, 2017, 2018, 2019, 2020, 2021, 2022, 2023, 2024, 2025]",2015,2025,"Cambridge, Massachusetts, CRASHES"
Cambridge,Massachusetts,INCIDENTS,Cambridge Police Department,"[2009, 2010, 2011, 2012, 2013, 2014, 2015, 2016, 2017, 2018, 2019, 2020, 2021, 2022, 2023, 2024, 2025]",2009,2025,"Cambridge, Massachusetts, INCIDENTS"
Pittsfield,Massachusetts,ARRESTS,Pittsfield Police Department,"[2014, 2015, 2016, 2017, 2018, 2019, 2020, 2021, 2022, 2023, 2024]",2014,2024,"Pittsfield, Massachusetts, ARRESTS"
Pittsfield,Massachusetts,CALLS FOR SERVICE,Pittsfield Police Department,"[2014, 2015, 2016, 2017, 2018, 2019, 2020, 2021, 2022, 2023, 2024]",2014,2024,"Pittsfield, Massachusetts, CALLS FOR SERVICE"
Pittsfield,Massachusetts,CRASHES,Pittsfield Police Department,"[2014, 2015, 2016, 2017, 2018, 2019, 2020, 2021, 2022, 2023, 2024]",2014,2024,"Pittsfield, Massachusetts, CRASHES"
Detroit,Michigan,CALLS FOR SERVICE,Detroit Police Department,"[2016, 2017, 2018, 2019, 2020, 2021, 2022, 2023, 2024, 2025]",2016,2025,"Detroit, Michigan, CALLS FOR SERVICE"
Detroit,Michigan,COMPLAINTS,Detroit Police Department,"[2019, 2020, 2021, 2022, 2023, 2024]",2019,2024,"Detroit, Michigan, COMPLAINTS"
Detroit,Michigan,INCIDENTS,Detroit Police Department,"[2014, 2015, 2016, 2017, 2018, 2019, 2020, 2021, 2022, 2023, 2024, 2025]",2014,2025,"Detroit, Michigan, INCIDENTS"
Minneapolis,Minnesota,INCIDENTS,Minneapolis Police Department,"[2010, 2011, 2012, 2013, 2014, 2015, 2016, 2017, 2018, 2019, 2020, 2021, 2022, 2023, 2024, 2025]",2010,2025,"Minneapolis, Minnesota, INCIDENTS"
Minneapolis,Minnesota,LAWSUITS,Minneapolis Police Department,"[2014, 2015, 2016, 2017, 2018, 2019, 2020, 2021]",2014,2021,"Minneapolis, Minnesota, LAWSUITS"
Minneapolis,Minnesota,OFFICER-INVOLVED SHOOTINGS,Minneapolis Police Department,"[2014, 2015, 2016, 2017, 2018, 2019, 2020, 2021]",2014,2021,"Minneapolis, Minnesota, OFFICER-INVOLVED SHOOTINGS"
Minneapolis,Minnesota,STOPS,Minneapolis Police Department,"[2016, 2017, 2018, 2019, 2020, 2021, 2022, 2023, 2024, 2025]",2016,2025,"Minneapolis, Minnesota, STOPS"
Minneapolis,Minnesota,USE OF FORCE,Minneapolis Police Department,"[2014, 2015, 2016, 2017, 2018, 2019, 2020, 2021, 2022, 2023, 2024, 2025]",2014,2025,"Minneapolis, Minnesota, USE OF FORCE"
St. Paul,Minnesota,CITATIONS,St. Paul Police Department,"[2017, 2018, 2019, 2020, 2021, 2022, 2023, 2024, 2025]",2017,2025,"St. Paul, Minnesota, CITATIONS"
St. Paul,Minnesota,INCIDENTS,St. Paul Police Department,"[2014, 2015, 2016, 2017, 2018, 2019, 2020, 2021, 2022, 2023, 2024, 2025]",2014,2025,"St. Paul, Minnesota, INCIDENTS"
St. Paul,Minnesota,STOPS,St. Paul Police Department,"[2001, 2002, 2003, 2004, 2005, 2006, 2007, 2008, 2009, 2010, 2011, 2012, 2013, 2014, 2015, 2016, 2017, 2018, 2019, 2020, 2021, 2022, 2023]",2001,2023,"St. Paul, Minnesota, STOPS"
Columbia,Missouri,STOPS,Columbia Police Department,"[2014, 2015, 2016, 2017, 2018, 2019, 2020, 2021, 2022, 2023, 2024]",2014,2024,"Columbia, Missouri, STOPS"
Bozeman,Montana,CALLS FOR SERVICE,Bozeman Police Department,"[2018, 2019, 2020, 2021, 2022, 2023, 2024, 2025]",2018,2025,"Bozeman, Montana, CALLS FOR SERVICE"
Bozeman,Montana,CITATIONS,Bozeman Police Department,"[2018, 2019, 2020, 2021, 2022, 2023, 2024, 2025]",2018,2025,"Bozeman, Montana, CITATIONS"
Lincoln,Nebraska,CALLS FOR SERVICE,Lincoln Police Department,"[2013, 2014, 2015, 2016, 2017, 2018, 2019, 2020, 2021, 2022, 2023, 2024]",2013,2024,"Lincoln, Nebraska, CALLS FOR SERVICE"
Lincoln,Nebraska,CRASHES,Lincoln Police Department,"[2012, 2013, 2014, 2015, 2016, 2017, 2018, 2019, 2020, 2021, 2022, 2023, 2024]",2012,2024,"Lincoln, Nebraska, CRASHES"
Lincoln,Nebraska,INCIDENTS,Lincoln Police Department,"[2013, 2014, 2015, 2016, 2017, 2018, 2019, 2020, 2021, 2022, 2023, 2024]",2013,2024,"Lincoln, Nebraska, INCIDENTS"
Lincoln,Nebraska,STOPS,Lincoln Police Department,"[2013, 2014, 2015, 2016, 2017, 2018, 2019, 2020, 2021, 2022, 2023, 2024]",2013,2024,"Lincoln, Nebraska, STOPS"
Lincoln,Nebraska,USE OF FORCE,Lincoln Police Department,"[2017, 2018, 2019, 2020, 2021, 2022, 2023, 2024]",2017,2024,"Lincoln, Nebraska, USE OF FORCE"
Lincoln,Nebraska,VEHICLE PURSUITS,Lincoln Police Department,"[2017, 2018, 2019, 2020, 2021, 2022, 2023, 2024]",2017,2024,"Lincoln, Nebraska, VEHICLE PURSUITS"
Las Vegas,Nevada,CALLS FOR SERVICE,Las Vegas Metropolitan Police Department,"[2019, 2020, 2021, 2022, 2023, 2024]",2019,2024,"Las Vegas, Nevada, CALLS FOR SERVICE"
Sparks,Nevada,OFFICER-INVOLVED SHOOTINGS,Sparks Police Department,"[2000, 2001, 2002, 2003, 2004, 2005, 2006, 2007, 2008, 2009, 2010, 2011, 2012, 2013, 2014, 2015, 2016, 2017, 2018, 2019, 2020, 2021, 2022, 2023, 2024]",2000,2024,"Sparks, Nevada, OFFICER-INVOLVED SHOOTINGS"
Albany,New York,ARRESTS,Albany Police Department,"[2021, 2022]",2021,2022,"Albany, New York, ARRESTS"
Albany,New York,CALLS FOR SERVICE,Albany Police Department,"[2021, 2022]",2021,2022,"Albany, New York, CALLS FOR SERVICE"
Albany,New York,COMPLAINTS,Albany Police Department,"[1994, 1995, 1996, 1997, 1998, 1999, 2000, 2001, 2002, 2003, 2004, 2005, 2006, 2007, 2008, 2009, 2010, 2011, 2012, 2013, 2014, 2015, 2016, 2017, 2018, 2019, 2020, 2021, 2022, 2023, 2024, 2025]",1994,2025,"Albany, New York, COMPLAINTS"
Albany,New York,FIELD CONTACTS,Albany Police Department,"[2020, 2021]",2020,2021,"Albany, New York, FIELD CONTACTS"
Albany,New York,INCIDENTS,Albany Police Department,"[2021, 2022]",2021,2022,"Albany, New York, INCIDENTS"
Albany,New York,TRAFFIC CITATIONS,Albany Police Department,"[2023, 2024]",2023,2024,"Albany, New York, TRAFFIC CITATIONS"
Albany,New York,USE OF FORCE,Albany Police Department,"[2009, 2010, 2011, 2012, 2013, 2014, 2015, 2016, 2017, 2018, 2019, 2020, 2021, 2022, 2023, 2024]",2009,2024,"Albany, New York, USE OF FORCE"
Buffalo,New York,CRASHES,Buffalo Police Department,"[2006, 2007, 2008, 2009, 2010, 2011, 2012, 2013, 2014, 2015, 2016, 2017, 2018, 2019, 2020, 2021, 2022, 2023, 2024, 2025]",2006,2025,"Buffalo, New York, CRASHES"
Buffalo,New York,INCIDENTS,Buffalo Police Department,"[1990, 1991, 1992, 1993, 1994, 1995, 1996, 1997, 1998, 1999, 2000, 2001, 2002, 2003, 2004, 2005, 2006, 2007, 2008, 2009, 2010, 2011, 2012, 2013, 2014, 2015, 2016, 2017, 2018, 2019, 2020, 2021, 2022, 2023, 2024, 2025]",1990,2025,"Buffalo, New York, INCIDENTS"
Buffalo,New York,TRAFFIC ARRESTS,Buffalo Police Department,"[2020, 2021, 2022, 2023]",2020,2023,"Buffalo, New York, TRAFFIC ARRESTS"
Buffalo,New York,TRAFFIC CITATIONS,Buffalo Police Department,"[2010, 2011, 2012, 2013, 2014, 2015, 2016, 2017, 2018, 2019, 2020, 2021, 2022, 2023, 2024, 2025]",2010,2025,"Buffalo, New York, TRAFFIC CITATIONS"
Buffalo,New York,TRAFFIC WARNINGS,Buffalo Police Department,"[2020, 2021, 2022, 2023, 2024, 2025]",2020,2025,"Buffalo, New York, TRAFFIC WARNINGS"
New York City,New York,ARRESTS,New York City Police Department,"[2006, 2007, 2008, 2009, 2010, 2011, 2012, 2013, 2014, 2015, 2016, 2017, 2018, 2019, 2020, 2021, 2022, 2023, 2024]",2006,2024,"New York City, New York, ARRESTS"
New York City,New York,COMPLAINTS,New York City Police Department,"[1990, 1991, 1992, 1993, 1994, 1995, 1996, 1997, 1998, 1999, 2000, 2001, 2002, 2003, 2004, 2005, 2006, 2007, 2008, 2009, 2010, 2011, 2012, 2013, 2014, 2015, 2016, 2017, 2018, 2019, 2020, 2021, 2022, 2023, 2024, 2025]",1990,2025,"New York City, New York, COMPLAINTS"
New York City,New York,CRASHES,New York City Police Department,"[2012, 2013, 2014, 2015, 2016, 2017, 2018, 2019, 2020, 2021, 2022, 2023, 2024, 2025]",2012,2025,"New York City, New York, CRASHES"
New York City,New York,STOPS,New York City Police Department,"[2003, 2004, 2005, 2006, 2007, 2008, 2009, 2010, 2011, 2012, 2013, 2014, 2015, 2016, 2017, 2018, 2019, 2020, 2021, 2022, 2023, 2024]",2003,2024,"New York City, New York, STOPS"
New York City,New York,USE OF FORCE,New York City Police Department,"[2020, 2021, 2022, 2023, 2024, 2025]",2020,2025,"New York City, New York, USE OF FORCE"
Asheville,North Carolina,ARRESTS,Asheville Police Department,"[2012, 2013, 2014, 2015, 2016, 2017, 2018, 2019, 2020, 2021, 2022, 2023]",2012,2023,"Asheville, North Carolina, ARRESTS"
Asheville,North Carolina,CALLS FOR SERVICE,Asheville Police Department,"[2005, 2006, 2007, 2008, 2009, 2010, 2011, 2012, 2013, 2014, 2015, 2016, 2017, 2018, 2019, 2020, 2021, 2022, 2023, 2024]",2005,2024,"Asheville, North Carolina, CALLS FOR SERVICE"
Asheville,North Carolina,CITATIONS,Asheville Police Department,"[2012, 2013, 2014, 2015, 2016, 2017, 2018, 2019, 2020, 2021, 2022, 2023, 2024, 2025]",2012,2025,"Asheville, North Carolina, CITATIONS"
Asheville,North Carolina,COMPLAINTS,Asheville Police Department,"[2018, 2019, 2020, 2021, 2022, 2023, 2024, 2025]",2018,2025,"Asheville, North Carolina, COMPLAINTS"
Asheville,North Carolina,INCIDENTS,Asheville Police Department,"[2015, 2016, 2017, 2018, 2019, 2020, 2021, 2022, 2023, 2024, 2025]",2015,2025,"Asheville, North Carolina, INCIDENTS"
Asheville,North Carolina,POINTING WEAPON,Asheville Police Department,"[2020, 2021, 2022, 2023, 2024, 2025]",2020,2025,"Asheville, North Carolina, POINTING WEAPON"
Asheville,North Carolina,STOPS,Asheville Police Department,"[2005, 2006, 2007, 2008, 2009, 2010, 2011, 2012, 2013, 2014, 2015, 2016, 2017, 2018, 2019, 2020, 2021, 2022, 2023, 2024, 2025]",2005,2025,"Asheville, North Carolina, STOPS"
Asheville,North Carolina,USE OF FORCE,Asheville Police Department,"[2018, 2019, 2020, 2021, 2022, 2023, 2024, 2025]",2018,2025,"Asheville, North Carolina, USE OF FORCE"
Cary,North Carolina,CRASHES,Cary Police Department,"[2020, 2021, 2022, 2023, 2024, 2025]",2020,2025,"Cary, North Carolina, CRASHES"
Cary,North Carolina,INCIDENTS,Cary Police Department,"[2020, 2021, 2022, 2023, 2024, 2025]",2020,2025,"Cary, North Carolina, INCIDENTS"
Charlotte-Mecklenburg,North Carolina,CALLS FOR SERVICE,Charlotte-Mecklenburg Police Department,"[2015, 2016, 2017, 2018, 2019, 2020, 2021, 2022, 2023, 2024, 2025]",2015,2025,"Charlotte-Mecklenburg, North Carolina, CALLS FOR SERVICE"
Charlotte-Mecklenburg,North Carolina,INCIDENTS,Charlotte-Mecklenburg Police Department,"[2017, 2018, 2019, 2020, 2021, 2022, 2023, 2024, 2025]",2017,2025,"Charlotte-Mecklenburg, North Carolina, INCIDENTS"
Charlotte-Mecklenburg,North Carolina,OFFICER-INVOLVED SHOOTINGS,Charlotte-Mecklenburg Police Department,"[2005, 2006, 2007, 2008, 2009, 2010, 2011, 2012, 2013, 2014, 2015, 2016, 2017, 2018, 2019, 2020, 2021, 2022, 2023]",2005,2023,"Charlotte-Mecklenburg, North Carolina, OFFICER-INVOLVED SHOOTINGS"
Charlotte-Mecklenburg,North Carolina,STOPS,Charlotte-Mecklenburg Police Department,"[2015, 2016, 2017, 2018, 2019, 2020, 2021, 2022, 2023, 2024, 2025]",2015,2025,"Charlotte-Mecklenburg, North Carolina, STOPS"
Durham,North Carolina,ARRESTS,Durham Police Department,"[2006, 2007, 2008, 2009, 2010, 2011, 2012, 2013, 2014, 2015, 2016, 2017, 2018, 2019, 2020, 2021, 2022, 2023, 2024]",2006,2024,"Durham, North Carolina, ARRESTS"
Durham,North Carolina,CALLS FOR SERVICE,Durham Police Department,"[2006, 2007, 2008, 2009, 2010, 2011, 2012, 2013, 2014, 2015, 2016, 2017, 2018, 2019, 2020, 2021, 2022, 2023, 2024]",2006,2024,"Durham, North Carolina, CALLS FOR SERVICE"
Durham,North Carolina,INCIDENTS,Durham Police Department,"[2021, 2022, 2023, 2024, 2025]",2021,2025,"Durham, North Carolina, INCIDENTS"
Fayetteville,North Carolina,ARRESTS,Fayetteville Police Department,"[1999, 2000, 2001, 2002, 2003, 2004, 2005, 2006, 2007, 2008, 2009, 2010, 2011, 2012, 2013, 2014, 2015, 2016, 2017, 2018, 2019, 2020, 2021, 2022, 2023, 2024, 2025]",1999,2025,"Fayetteville, North Carolina, ARRESTS"
Fayetteville,North Carolina,CITATIONS,Fayetteville Police Department,"[2016, 2017, 2018, 2019, 2020, 2021, 2022, 2023, 2024, 2025]",2016,2025,"Fayetteville, North Carolina, CITATIONS"
Fayetteville,North Carolina,FIELD CONTACTS,Fayetteville Police Department,"[2016, 2017, 2018, 2019, 2020, 2021, 2022, 2023, 2024, 2025]",2016,2025,"Fayetteville, North Carolina, FIELD CONTACTS"
Fayetteville,North Carolina,STOPS,Fayetteville Police Department,"[2016, 2017, 2018, 2019, 2020, 2021, 2022, 2023, 2024, 2025]",2016,2025,"Fayetteville, North Carolina, STOPS"
Greensboro,North Carolina,ARRESTS,Greensboro Police Department,"[2020, 2021, 2022, 2023, 2024, 2025]",2020,2025,"Greensboro, North Carolina, ARRESTS"
Greensboro,North Carolina,INCIDENTS,Greensboro Police Department,"[2020, 2021, 2022, 2023, 2024, 2025]",2020,2025,"Greensboro, North Carolina, INCIDENTS"
Greensboro,North Carolina,STOPS,Greensboro Police Department,"[2020, 2021, 2022, 2023, 2024, 2025]",2020,2025,"Greensboro, North Carolina, STOPS"
Greensboro,North Carolina,USE OF FORCE,Greensboro Police Department,"[2020, 2021, 2022, 2023, 2024, 2025]",2020,2025,"Greensboro, North Carolina, USE OF FORCE"
Morrisville,North Carolina,INCIDENTS,Morrisville Police Department,"[2020, 2021, 2022, 2023, 2024, 2025]",2020,2025,"Morrisville, North Carolina, INCIDENTS"
Cincinnati,Ohio,CALLS FOR SERVICE,Cincinnati Police Department,"[2014, 2015, 2016, 2017, 2018, 2019, 2020, 2021, 2022, 2023, 2024, 2025]",2014,2025,"Cincinnati, Ohio, CALLS FOR SERVICE"
Cincinnati,Ohio,COMPLAINTS,Cincinnati Police Department,"[2016, 2017, 2018, 2019, 2020, 2021, 2022, 2023, 2024, 2025]",2016,2025,"Cincinnati, Ohio, COMPLAINTS"
Cincinnati,Ohio,CRASHES,Cincinnati Police Department,"[2005, 2006, 2007, 2008, 2009, 2010, 2011, 2012, 2013, 2014, 2015, 2016, 2017, 2018, 2019, 2020, 2021, 2022, 2023, 2024, 2025]",2005,2025,"Cincinnati, Ohio, CRASHES"
Cincinnati,Ohio,INCIDENTS,Cincinnati Police Department,"[2003, 2004, 2005, 2006, 2007, 2008, 2009, 2010, 2011, 2012, 2013, 2014, 2015, 2016, 2017, 2018, 2019, 2020, 2021, 2022, 2023, 2024]",2003,2024,"Cincinnati, Ohio, INCIDENTS"
Cincinnati,Ohio,OFFICER-INVOLVED SHOOTINGS,Cincinnati Police Department,"[1996, 1997, 1998, 1999, 2000, 2001, 2002, 2003, 2004, 2005, 2006, 2007, 2008, 2009, 2010, 2011, 2012, 2013, 2014, 2015, 2016, 2017, 2018, 2019, 2021, 2022, 2023, 2024]",1996,2024,"Cincinnati, Ohio, OFFICER-INVOLVED SHOOTINGS"
Cincinnati,Ohio,STOPS,Cincinnati Police Department,"[1990, 1991, 1992, 1993, 1994, 1995, 1996, 1997, 1998, 1999, 2000, 2001, 2002, 2003, 2004, 2005, 2006, 2007, 2008, 2009, 2010, 2011, 2012, 2013, 2014, 2015, 2016, 2017, 2018, 2019, 2020, 2021, 2022, 2023, 2024, 2025]",1990,2025,"Cincinnati, Ohio, STOPS"
Cincinnati,Ohio,USE OF FORCE,Cincinnati Police Department,"[1996, 1997, 1998, 1999, 2000, 2001, 2002, 2003, 2004, 2005, 2006, 2007, 2008, 2009, 2010, 2011, 2012, 2013, 2014, 2015, 2016, 2017, 2018, 2019, 2020, 2021, 2022, 2023, 2024]",1996,2024,"Cincinnati, Ohio, USE OF FORCE"
Dayton,Ohio,ARRESTS,Dayton Police Department,"[2022, 2023, 2024, 2025]",2022,2025,"Dayton, Ohio, ARRESTS"
Dayton,Ohio,INCIDENTS,Dayton Police Department,"[2022, 2023, 2024, 2025]",2022,2025,"Dayton, Ohio, INCIDENTS"
Dayton,Ohio,OFFICER-INVOLVED SHOOTINGS,Dayton Police Department,"[2021, 2022, 2023, 2024]",2021,2024,"Dayton, Ohio, OFFICER-INVOLVED SHOOTINGS"
Dayton,Ohio,USE OF FORCE,Dayton Police Department,"[2020, 2021, 2022, 2023, 2024, 2025]",2020,2025,"Dayton, Ohio, USE OF FORCE"
Norman,Oklahoma,ARRESTS,Norman Police Department,"[2016, 2017, 2018, 2019, 2020, 2021, 2022, 2023, 2024]",2016,2024,"Norman, Oklahoma, ARRESTS"
Norman,Oklahoma,CITATIONS,Norman Police Department,"[2016, 2017, 2018, 2019]",2016,2019,"Norman, Oklahoma, CITATIONS"
Norman,Oklahoma,COMPLAINTS,Norman Police Department,"[2016, 2017, 2018, 2019, 2020, 2021, 2022, 2023, 2024]",2016,2024,"Norman, Oklahoma, COMPLAINTS"
Norman,Oklahoma,CRASHES,Norman Police Department,"[2016, 2017, 2018, 2019, 2020, 2021, 2022, 2023, 2024]",2016,2024,"Norman, Oklahoma, CRASHES"
Norman,Oklahoma,FIELD CONTACTS,Norman Police Department,"[2016, 2017, 2018, 2019]",2016,2019,"Norman, Oklahoma, FIELD CONTACTS"
Norman,Oklahoma,INCIDENTS,Norman Police Department,"[2016, 2017, 2018, 2019, 2020, 2021, 2022, 2023, 2024]",2016,2024,"Norman, Oklahoma, INCIDENTS"
Norman,Oklahoma,STOPS,Norman Police Department,"[2016, 2017, 2018, 2019, 2020, 2021, 2022, 2023, 2024]",2016,2024,"Norman, Oklahoma, STOPS"
Norman,Oklahoma,USE OF FORCE,Norman Police Department,"[2016, 2017, 2018, 2019, 2020, 2021, 2022, 2023, 2024]",2016,2024,"Norman, Oklahoma, USE OF FORCE"
Portland,Oregon,ARRESTS,Portland Police Bureau,"[2016, 2017, 2018, 2019, 2020, 2021, 2022, 2023, 2024, 2025]",2016,2025,"Portland, Oregon, ARRESTS"
Portland,Oregon,CALLS FOR SERVICE,Portland Police Bureau,"[2012, 2013, 2014, 2015, 2016, 2017, 2018, 2019, 2020, 2021, 2022, 2023, 2024, 2025]",2012,2025,"Portland, Oregon, CALLS FOR SERVICE"
Portland,Oregon,INCIDENTS,Portland Police Bureau,"[2015, 2016, 2017, 2018, 2019, 2020, 2021, 2022, 2023, 2024, 2025]",2015,2025,"Portland, Oregon, INCIDENTS"
Portland,Oregon,OFFICER-INVOLVED SHOOTINGS,Portland Police Bureau,"[2010, 2011, 2012, 2013, 2014, 2015, 2016, 2017, 2018, 2019, 2020, 2021, 2022, 2023, 2024]",2010,2024,"Portland, Oregon, OFFICER-INVOLVED SHOOTINGS"
Portland,Oregon,USE OF FORCE,Portland Police Bureau,"[2017, 2018, 2019, 2020, 2021, 2022, 2023, 2024, 2025]",2017,2025,"Portland, Oregon, USE OF FORCE"
Philadelphia,Pennsylvania,COMPLAINTS,Philadelphia Police Department,"[2002, 2003, 2004, 2005, 2006, 2007, 2008, 2009, 2010, 2011, 2012, 2013, 2014, 2015, 2016, 2017, 2018, 2019, 2020, 2021, 2022, 2023, 2024, 2025]",2002,2025,"Philadelphia, Pennsylvania, COMPLAINTS"
Philadelphia,Pennsylvania,CRASHES,Philadelphia Police Department,"[2011, 2012, 2013, 2014, 2015, 2016, 2017, 2018, 2019, 2020, 2021, 2022, 2023, 2024]",2011,2024,"Philadelphia, Pennsylvania, CRASHES"
Philadelphia,Pennsylvania,INCIDENTS,Philadelphia Police Department,"[2006, 2007, 2008, 2009, 2010, 2011, 2012, 2013, 2014, 2015, 2016, 2017, 2018, 2019, 2020, 2021, 2022, 2023, 2024, 2025]",2006,2025,"Philadelphia, Pennsylvania, INCIDENTS"
Philadelphia,Pennsylvania,OFFICER-INVOLVED SHOOTINGS,Philadelphia Police Department,"[2015, 2016, 2017, 2018, 2019, 2020, 2021, 2022, 2023, 2024]",2015,2024,"Philadelphia, Pennsylvania, OFFICER-INVOLVED SHOOTINGS"
Philadelphia,Pennsylvania,STOPS,Philadelphia Police Department,"[2014, 2015, 2016, 2017, 2018, 2019, 2020, 2021, 2022, 2023, 2024, 2025]",2014,2025,"Philadelphia, Pennsylvania, STOPS"
Charleston,South Carolina,CITATIONS,Charleston Police Department,"[2019, 2020, 2021, 2022, 2023, 2024]",2019,2024,"Charleston, South Carolina, CITATIONS"
Columbia,South Carolina,ARRESTS,Columbia Police Department,"[2016, 2017, 2018, 2019, 2020, 2021, 2022, 2023, 2024]",2016,2024,"Columbia, South Carolina, ARRESTS"
Columbia,South Carolina,FIELD CONTACTS,Columbia Police Department,"[2016, 2017, 2018, 2019, 2020, 2021, 2022, 2023, 2024]",2016,2024,"Columbia, South Carolina, FIELD CONTACTS"
Chattanooga,Tennessee,ARRESTS,Chattanooga Police Department,"[2018, 2019, 2020, 2021, 2022, 2023, 2024, 2025]",2018,2025,"Chattanooga, Tennessee, ARRESTS"
Chattanooga,Tennessee,COMPLAINTS,Chattanooga Police Department,"[1970, 1971, 1972, 1973, 1974, 1975, 1976, 1977, 1978, 1979, 1980, 1981, 1982, 1983, 1984, 1985, 1986, 1987, 1988, 1989, 1990, 1991, 1992, 1993, 1994, 1995, 1996, 1997, 1998, 1999, 2000, 2001, 2002, 2003, 2004, 2005, 2006, 2007, 2008, 2009, 2010, 2011, 2012, 2013, 2014, 2015, 2016, 2017, 2018, 2019, 2020, 2021, 2022, 2023, 2024, 2025]",1970,2025,"Chattanooga, Tennessee, COMPLAINTS"
Chattanooga,Tennessee,INCIDENTS,Chattanooga Police Department,"[2015, 2016, 2017, 2018, 2019, 2020, 2021, 2022, 2023, 2024, 2025]",2015,2025,"Chattanooga, Tennessee, INCIDENTS"
Memphis,Tennessee,INCIDENTS,Memphis Police Department,"[1990, 1991, 1992, 1993, 1994, 1995, 1996, 1997, 1998, 1999, 2000, 2001, 2002, 2003, 2004, 2005, 2006, 2007, 2008, 2009, 2010, 2011, 2012, 2013, 2014, 2015, 2016, 2017, 2018, 2019, 2020, 2021, 2022, 2023, 2024]",1990,2024,"Memphis, Tennessee, INCIDENTS"
Memphis,Tennessee,STOPS,Memphis Police Department,"[2020, 2021, 2022, 2023, 2024, 2025]",2020,2025,"Memphis, Tennessee, STOPS"
Memphis,Tennessee,TRAFFIC CITATIONS,Memphis Police Department,"[2018, 2019, 2020, 2021, 2022, 2023, 2024, 2025]",2018,2025,"Memphis, Tennessee, TRAFFIC CITATIONS"
Nashville,Tennessee,CALLS FOR SERVICE,Metropolitan Nashville Police Department,"[2017, 2018, 2019, 2020, 2021, 2022, 2023, 2024]",2017,2024,"Nashville, Tennessee, CALLS FOR SERVICE"
Austin,Texas,ARRESTS,Austin Police Department,"[2020, 2021, 2022, 2023, 2024, 2025]",2020,2025,"Austin, Texas, ARRESTS"
Austin,Texas,CALLS FOR SERVICE,Austin Police Department,"[2014, 2015, 2016, 2017, 2018, 2019, 2020, 2021, 2022, 2023, 2024]",2014,2024,"Austin, Texas, CALLS FOR SERVICE"
Austin,Texas,CRASHES,Austin Police Department,"[2010, 2011, 2012, 2013, 2014, 2015, 2016, 2017, 2018, 2019, 2020, 2021, 2022, 2023, 2024, 2025]",2010,2025,"Austin, Texas, CRASHES"
Austin,Texas,INCIDENTS,Austin Police Department,"[2003, 2004, 2005, 2006, 2007, 2008, 2009, 2010, 2011, 2012, 2013, 2014, 2015, 2016, 2017, 2018, 2019, 2020, 2021, 2022, 2023, 2024, 2025]",2003,2025,"Austin, Texas, INCIDENTS"
Austin,Texas,OFFICER-INVOLVED SHOOTINGS,Austin Police Department,"[2008, 2009, 2010, 2011, 2012, 2013, 2014, 2015, 2016, 2017]",2008,2017,"Austin, Texas, OFFICER-INVOLVED SHOOTINGS"
Austin,Texas,OFFICER_INVOLVED SHOOTINGS,Austin Police Department,"[2008, 2009, 2010, 2011, 2012, 2013, 2014, 2015, 2016, 2017]",2008,2017,"Austin, Texas, OFFICER_INVOLVED SHOOTINGS"
Austin,Texas,PEDESTRIAN ARRESTS,Austin Police Department,"[2017, 2018, 2019]",2017,2019,"Austin, Texas, PEDESTRIAN ARRESTS"
Austin,Texas,PEDESTRIAN CITATIONS,Austin Police Department,"[2017, 2018, 2019]",2017,2019,"Austin, Texas, PEDESTRIAN CITATIONS"
Austin,Texas,PEDESTRIAN WARNINGS,Austin Police Department,"[2017, 2018, 2019]",2017,2019,"Austin, Texas, PEDESTRIAN WARNINGS"
Austin,Texas,SEARCHES,Austin Police Department,"[2021, 2022, 2023]",2021,2023,"Austin, Texas, SEARCHES"
Austin,Texas,STOPS,Austin Police Department,[2020],2020,2020,"Austin, Texas, STOPS"
Austin,Texas,TRAFFIC ARRESTS,Austin Police Department,"[2014, 2015, 2016, 2017, 2018, 2019]",2014,2019,"Austin, Texas, TRAFFIC ARRESTS"
Austin,Texas,TRAFFIC CITATIONS,Austin Police Department,"[2014, 2015, 2016, 2017, 2018]",2014,2018,"Austin, Texas, TRAFFIC CITATIONS"
Austin,Texas,TRAFFIC WARNINGS,Austin Police Department,"[2014, 2015, 2016, 2017, 2018, 2019]",2014,2019,"Austin, Texas, TRAFFIC WARNINGS"
Austin,Texas,USE OF FORCE,Austin Police Department,"[2009, 2010, 2011, 2012, 2013, 2014, 2015, 2016, 2017, 2018, 2019, 2020, 2021, 2022, 2023, 2024]",2009,2024,"Austin, Texas, USE OF FORCE"
Austin,Texas,WARNINGS,Austin Police Department,"[2015, 2016, 2017, 2018, 2019, 2020, 2021, 2022, 2023, 2024, 2025]",2015,2025,"Austin, Texas, WARNINGS"
Dallas,Texas,ARRESTS,Dallas Police Department,"[2014, 2015, 2016, 2017, 2018, 2019, 2020, 2021, 2022, 2023, 2024, 2025]",2014,2025,"Dallas, Texas, ARRESTS"
Dallas,Texas,OFFICER-INVOLVED SHOOTINGS,Dallas Police Department,"[2003, 2004, 2005, 2006, 2007, 2008, 2009, 2010, 2011, 2012, 2013, 2014, 2015, 2016, 2017, 2018, 2019, 2020, 2021, 2022, 2023]",2003,2023,"Dallas, Texas, OFFICER-INVOLVED SHOOTINGS"
Dallas,Texas,USE OF FORCE,Dallas Police Department,"[2013, 2014, 2015, 2016, 2017, 2018, 2019, 2020]",2013,2020,"Dallas, Texas, USE OF FORCE"
Burlington,Vermont,ARRESTS,Burlington Police Department,"[2012, 2013, 2014, 2015, 2016, 2017, 2018, 2019, 2020, 2021, 2022, 2023, 2024, 2025]",2012,2025,"Burlington, Vermont, ARRESTS"
Burlington,Vermont,INCIDENTS,Burlington Police Department,"[2012, 2013, 2014, 2015, 2016, 2017, 2018, 2019, 2020, 2021, 2022, 2023, 2024]",2012,2024,"Burlington, Vermont, INCIDENTS"
Burlington,Vermont,STOPS,Burlington Police Department,"[2012, 2013, 2014, 2015, 2016, 2017, 2018, 2019, 2020, 2021, 2022, 2023, 2024]",2012,2024,"Burlington, Vermont, STOPS"
Burlington,Vermont,USE OF FORCE,Burlington Police Department,"[2012, 2013, 2014, 2015, 2016, 2017, 2018, 2019, 2020, 2021, 2022, 2023]",2012,2023,"Burlington, Vermont, USE OF FORCE"
Albemarle County,Virginia,STOPS,Albemarle County Police Department,"[2021, 2022, 2023, 2024]",2021,2024,"Albemarle County, Virginia, STOPS"
Charlottesville,Virginia,INCIDENTS,Charlottesville Police Department,"[2020, 2021, 2022, 2023, 2024, 2025]",2020,2025,"Charlottesville, Virginia, INCIDENTS"
Fairfax County,Virginia,ARRESTS,Fairfax County Police Department,"[2016, 2017, 2018, 2019, 2020, 2021, 2022, 2023, 2024]",2016,2024,"Fairfax County, Virginia, ARRESTS"
Fairfax County,Virginia,TRAFFIC CITATIONS,Fairfax County Police Department,"[2019, 2020, 2021, 2022, 2023]",2019,2023,"Fairfax County, Virginia, TRAFFIC CITATIONS"
Fairfax County,Virginia,TRAFFIC WARNINGS,Fairfax County Police Department,"[2019, 2020, 2021, 2022, 2023]",2019,2023,"Fairfax County, Virginia, TRAFFIC WARNINGS"
Norfolk,Virginia,INCIDENTS,Norfolk Police Department,"[2020, 2021, 2022, 2023, 2024, 2025]",2020,2025,"Norfolk, Virginia, INCIDENTS"
Norfolk,Virginia,USE OF FORCE,Norfolk Police Department,"[2019, 2020, 2021, 2022, 2023, 2024]",2019,2024,"Norfolk, Virginia, USE OF FORCE"
Virginia Beach,Virginia,CALLS FOR SERVICE,Virginia Beach Police Department,"[2019, 2020, 2021, 2022, 2023, 2024, 2025]",2019,2025,"Virginia Beach, Virginia, CALLS FOR SERVICE"
Virginia Beach,Virginia,CRASHES,Virginia Beach Police Department,"[2022, 2023, 2024, 2025]",2022,2025,"Virginia Beach, Virginia, CRASHES"
Virginia Beach,Virginia,INCIDENTS,Virginia Beach Police Department,"[2022, 2023, 2024, 2025]",2022,2025,"Virginia Beach, Virginia, INCIDENTS"
Bremerton,Washington,ARRESTS,Bremerton Police Department,"[2017, 2018, 2019, 2020, 2021, 2022, 2023, 2024]",2017,2024,"Bremerton, Washington, ARRESTS"
Bremerton,Washington,CITATIONS,Bremerton Police Department,"[2017, 2018, 2019, 2020, 2021, 2022, 2023, 2024]",2017,2024,"Bremerton, Washington, CITATIONS"
Bremerton,Washington,INCIDENTS,Bremerton Police Department,"[2017, 2018, 2019, 2020, 2021, 2022, 2023, 2024]",2017,2024,"Bremerton, Washington, INCIDENTS"
Everett,Washington,INCIDENTS,Everett Police Department,"[2015, 2016, 2017, 2018, 2019, 2020, 2021, 2022, 2023, 2024, 2025]",2015,2025,"Everett, Washington, INCIDENTS"
Seattle,Washington,ARRESTS,Seattle Police Department,"[2019, 2020, 2021, 2022, 2023, 2024, 2025]",2019,2025,"Seattle, Washington, ARRESTS"
Seattle,Washington,CALLS FOR SERVICE,Seattle Police Department,"[2009, 2010, 2011, 2012, 2013, 2014, 2015, 2016, 2017, 2018, 2019, 2020, 2021, 2022, 2023, 2024, 2025]",2009,2025,"Seattle, Washington, CALLS FOR SERVICE"
Seattle,Washington,COMPLAINTS,Seattle Police Department,"[1994, 1995, 1996, 1997, 1998, 1999, 2000, 2001, 2002, 2003, 2004, 2005, 2006, 2007, 2008, 2009, 2010, 2011, 2012, 2013, 2014, 2015, 2016, 2017, 2018, 2019, 2020, 2021, 2022, 2023, 2024, 2025]",1994,2025,"Seattle, Washington, COMPLAINTS"
Seattle,Washington,INCIDENTS,Seattle Police Department,"[1990, 1991, 1992, 1993, 1994, 1995, 1996, 1997, 1998, 1999, 2000, 2001, 2002, 2003, 2004, 2005, 2006, 2007, 2008, 2009, 2010, 2011, 2012, 2013, 2014, 2015, 2016, 2017, 2018, 2019, 2020, 2021, 2022, 2023, 2024, 2025]",1990,2025,"Seattle, Washington, INCIDENTS"
Seattle,Washington,OFFICER-INVOLVED SHOOTINGS,Seattle Police Department,"[2005, 2006, 2007, 2008, 2009, 2010, 2011, 2012, 2013, 2014, 2015, 2016, 2017, 2018, 2019, 2020, 2021, 2022, 2023, 2024]",2005,2024,"Seattle, Washington, OFFICER-INVOLVED SHOOTINGS"
Seattle,Washington,STOPS,Seattle Police Department,"[2015, 2016, 2017, 2018, 2019, 2020, 2021, 2022, 2023, 2024, 2025]",2015,2025,"Seattle, Washington, STOPS"
Seattle,Washington,USE OF FORCE,Seattle Police Department,"[2014, 2015, 2016, 2017, 2018, 2019, 2020, 2021, 2022, 2023, 2024, 2025]",2014,2025,"Seattle, Washington, USE OF FORCE"
Tacoma,Washington,CALLS FOR SERVICE,Tacoma Police Department,"[2018, 2019, 2020, 2021, 2022, 2023, 2024, 2025]",2018,2025,"Tacoma, Washington, CALLS FOR SERVICE"
Tacoma,Washington,COMPLAINTS,Tacoma Police Department,"[2014, 2015, 2016, 2017, 2018, 2019, 2020, 2021, 2022, 2023]",2014,2023,"Tacoma, Washington, COMPLAINTS"
Tacoma,Washington,INCIDENTS,Tacoma Police Department,"[2018, 2019, 2020, 2021, 2022, 2023, 2024, 2025]",2018,2025,"Tacoma, Washington, INCIDENTS"
Tacoma,Washington,OFFICER-INVOLVED SHOOTINGS,Tacoma Police Department,"[2012, 2013, 2014, 2015, 2016, 2017, 2018, 2019, 2020, 2021, 2022, 2023]",2012,2023,"Tacoma, Washington, OFFICER-INVOLVED SHOOTINGS"
